{"cameraMode":{"drawMode":0,"name":"Shaded","section":"Shading Mode"},"sceneLighting":true,"audioPlay":false,"sceneViewState":{"m_AlwaysRefresh":false,"showFog":true,"showSkybox":true,"showFlares":true,"showImageEffects":true,"showParticleSystems":true,"showVisualEffectGraphs":true,"m_FxEnabled":true},"in2DMode":false,"pivot":{"x":-0.3745415210723877,"y":1.425119161605835,"z":-0.5908972024917603},"rotation":{"x":-0.07299941033124924,"y":0.9042133092880249,"z":-0.17184527218341828,"w":-0.3841075003147125},"size":3.3924734592437746,"orthographic":false}